,Date,Symbol,Value,Previous_Value,Net-Change,Percent Change,Cumulative Change,Log Returns,Cumulative Log Change
0,2017-12-15,AUD/JPY,86.22,,,,,,
1,2017-12-18,AUD/JPY,86.29,86.22,0.07000000000000739,0.08118765947576825,0.07000000000000739,0.0008115472012277715,0.0008115472012277715
2,2017-12-19,AUD/JPY,86.38,86.29,0.0899999999999892,0.10429945532505411,0.1599999999999966,0.0010424510123388854,0.001853998213566657
3,2017-12-20,AUD/JPY,86.52,86.38,0.14000000000000057,0.16207455429497636,0.29999999999999716,0.001619433552302976,0.003473431765869633
4,2017-12-21,AUD/JPY,86.92,86.52,0.4000000000000057,0.4623208506703718,0.7000000000000028,0.0046125543033709426,0.008085986069240575
5,2017-12-22,AUD/JPY,87.41,86.92,0.4899999999999949,0.5637367694431602,1.1899999999999977,0.0056215372041676995,0.013707523273408274
6,2017-12-27,AUD/JPY,87.68,87.41,0.27000000000001023,0.30888914311864807,1.460000000000008,0.0030841306073088764,0.016791653880717152
7,2017-12-28,AUD/JPY,88.04,87.68,0.35999999999999943,0.4105839416058387,1.8200000000000074,0.004097433458555585,0.020889087339272736
8,2017-12-29,AUD/JPY,87.94,88.04,-0.10000000000000853,-0.11358473421173162,1.7199999999999989,-0.0011364929055969956,0.01975259443367574
9,2018-01-02,AUD/JPY,88.33,87.94,0.39000000000000057,0.4434841937684792,2.1099999999999994,0.004425037004376734,0.024177631438052474
10,2018-01-03,AUD/JPY,87.8,88.33,-0.5300000000000011,-0.600022642363864,1.5799999999999983,-0.006018300115969867,0.018159331322082608
11,2018-01-04,AUD/JPY,88.27,87.8,0.46999999999999886,0.5353075170842811,2.049999999999997,0.00533879839107052,0.023498129713153126
12,2018-01-05,AUD/JPY,88.69,88.27,0.4200000000000017,0.47581284694686954,2.469999999999999,0.004746844356219477,0.028244974069372604
13,2018-01-08,AUD/JPY,88.78,88.69,0.09000000000000341,0.10147705491036578,2.5600000000000023,0.0010142560175282807,0.029259230086900886
14,2018-01-09,AUD/JPY,88.45,88.78,-0.3299999999999983,-0.37170533904032244,2.230000000000004,-0.0037239788000948374,0.02553525128680605
15,2018-01-10,AUD/JPY,87.9,88.45,-0.5499999999999972,-0.6218202374222692,1.6800000000000068,-0.006237615914662903,0.019297635372143147
16,2018-01-11,AUD/JPY,87.98,87.9,0.0799999999999983,0.0910125142207034,1.7600000000000051,0.00090971122944234,0.020207346601585487
17,2018-01-12,AUD/JPY,87.71,87.98,-0.27000000000001023,-0.30688792907480134,1.4899999999999949,-0.003073597957283625,0.017133748644301863
18,2018-01-15,AUD/JPY,87.95,87.71,0.2400000000000091,0.2736290046745059,1.730000000000004,0.0027325532202771203,0.019866301864578984
19,2018-01-16,AUD/JPY,88.35,87.95,0.3999999999999915,0.4548038658328498,2.1299999999999955,0.004537727582138167,0.02440402944671715
20,2018-01-17,AUD/JPY,88.18,88.35,-0.1699999999999875,-0.19241652518391342,1.960000000000008,-0.0019260188359136972,0.022478010610803453
21,2018-01-18,AUD/JPY,88.69,88.18,0.5099999999999909,0.5783624404626796,2.469999999999999,0.005766963458569285,0.028244974069372736
22,2018-01-19,AUD/JPY,88.9,88.69,0.21000000000000796,0.2367797947908535,2.680000000000007,0.002364999131498105,0.03060997320087084
23,2018-01-22,AUD/JPY,88.53,88.9,-0.37000000000000455,-0.41619797525309843,2.3100000000000023,-0.004170664896901191,0.02643930830396965
24,2018-01-23,AUD/JPY,88.49,88.53,-0.04000000000000625,-0.045182424037056655,2.269999999999996,-0.0004519263436990259,0.025987381960270624
25,2018-01-24,AUD/JPY,88.09,88.49,-0.3999999999999915,-0.45202847779409144,1.8700000000000045,-0.004530532157554354,0.02145684980271627
26,2018-01-25,AUD/JPY,88.24,88.09,0.14999999999999147,0.17028039505050682,2.019999999999996,0.0017013558235427024,0.02315820562625897
27,2018-01-29,AUD/JPY,88.04,88.24,-0.19999999999998863,-0.22665457842247125,1.8200000000000074,-0.002269118286985965,0.020889087339273006
28,2018-01-30,AUD/JPY,87.77,88.04,-0.27000000000001023,-0.30667878237166085,1.5499999999999972,-0.0030715000542348003,0.017817587285038204
29,2018-01-31,AUD/JPY,87.87,87.77,0.10000000000000853,0.11393414606358497,1.6500000000000057,0.0011386929037255809,0.018956280188763785
30,2018-02-01,AUD/JPY,87.91,87.87,0.03999999999999204,0.04552179355865715,1.6899999999999977,0.00045511435533532053,0.019411394544099105
31,2018-02-02,AUD/JPY,87.71,87.91,-0.20000000000000284,-0.2275054032533305,1.4899999999999949,-0.002277645899796965,0.01713374864430214
32,2018-02-05,AUD/JPY,87.22,87.71,-0.4899999999999949,-0.5586592178770892,1.0,-0.005602255548669787,0.011531493095632353
33,2018-02-06,AUD/JPY,85.23,87.22,-1.9899999999999949,-2.281586792020173,-0.9899999999999949,-0.02308017788041408,-0.011548684784781726
34,2018-02-07,AUD/JPY,86.15,85.23,0.9200000000000017,1.0794321248386738,-0.06999999999999318,0.010736478439732402,-0.0008122063450493235
35,2018-02-08,AUD/JPY,85.6,86.15,-0.5500000000000114,-0.6384213580963568,-0.6200000000000045,-0.006404679826242302,-0.0072168861712916255
36,2018-02-09,AUD/JPY,84.74,85.6,-0.8599999999999994,-1.004672897196261,-1.480000000000004,-0.010097537949283211,-0.017314424120574837
37,2018-02-12,AUD/JPY,85.13,84.74,0.39000000000000057,0.4602312957281102,-1.0900000000000034,0.004591754697552621,-0.012722669423022217
38,2018-02-13,AUD/JPY,85.29,85.13,0.1600000000000108,0.1879478444731714,-0.9299999999999926,0.0018777144350526358,-0.010844954987969582
39,2018-02-14,AUD/JPY,84.36,85.29,-0.9300000000000068,-1.0903974674639545,-1.8599999999999994,-0.010963858720444345,-0.021808813708413928
40,2018-02-15,AUD/JPY,84.57,84.36,0.20999999999999375,0.24893314366997835,-1.6500000000000057,0.0024862381835569947,-0.019322575524856934
41,2018-02-16,AUD/JPY,84.18,84.57,-0.38999999999998636,-0.4611564384533361,-2.039999999999992,-0.004622230451706139,-0.023944805976563073
42,2018-02-19,AUD/JPY,84.26,84.18,0.0799999999999983,0.09503444998811866,-1.9599999999999937,0.000949893208445991,-0.022994912768117083
43,2018-02-20,AUD/JPY,84.64,84.26,0.37999999999999545,0.450985046285302,-1.5799999999999983,0.0044997115591188285,-0.018495201208998256
44,2018-02-21,AUD/JPY,84.64,84.64,0.0,0.0,-1.5799999999999983,0.0,-0.018495201208998256
45,2018-02-22,AUD/JPY,83.87,84.64,-0.769999999999996,-0.9097353497164414,-2.3499999999999943,-0.009138987113669094,-0.027634188322667348
46,2018-02-23,AUD/JPY,83.66,83.87,-0.21000000000000796,-0.2503875044712149,-2.5600000000000023,-0.002507014982267893,-0.030141203304935242
47,2018-02-26,AUD/JPY,83.84,83.66,0.18000000000000682,0.21515658618217406,-2.3799999999999955,0.002149254558679643,-0.027991948746255598
48,2018-02-27,AUD/JPY,83.92,83.84,0.0799999999999983,0.09541984732824223,-2.299999999999997,0.000953743515309635,-0.027038205230945963
49,2018-02-28,AUD/JPY,83.52,83.92,-0.4000000000000057,-0.47664442326025463,-2.700000000000003,-0.004777839953713197,-0.03181604518465916
50,2018-03-01,AUD/JPY,82.58,83.52,-0.9399999999999977,-1.1254789272030625,-3.6400000000000006,-0.011318603676384369,-0.043134648861043526
51,2018-03-02,AUD/JPY,82.28,82.58,-0.29999999999999716,-0.3632840881569353,-3.9399999999999977,-0.0036394556731877132,-0.04677410453423124
52,2018-03-05,AUD/JPY,81.78,82.28,-0.5,-0.6076810889645113,-4.439999999999998,-0.006095349848260126,-0.05286945438249137
53,2018-03-06,AUD/JPY,82.62,81.78,0.8400000000000034,1.0271460014673555,-3.5999999999999943,0.010219067032122322,-0.042650387350369044
54,2018-03-07,AUD/JPY,82.48,82.62,-0.14000000000000057,-0.16945049624788255,-3.739999999999995,-0.0016959422599139788,-0.04434632961028302
55,2018-03-08,AUD/JPY,83.04,82.48,0.5600000000000023,0.6789524733268698,-3.1799999999999926,0.006766579708874121,-0.0375797499014089
56,2018-03-09,AUD/JPY,83.09,83.04,0.04999999999999716,0.06021194605009291,-3.1299999999999955,0.000601938259311541,-0.03697781164209736
57,2018-03-12,AUD/JPY,83.73,83.09,0.6400000000000006,0.770249127452161,-2.489999999999995,0.007672978539450522,-0.029304833102646838
58,2018-03-13,AUD/JPY,84.04,83.73,0.3100000000000023,0.370237668697005,-2.1799999999999926,0.0036955397604593056,-0.025609293342187534
59,2018-03-14,AUD/JPY,83.84,84.04,-0.20000000000000284,-0.2379819133745869,-2.3799999999999955,-0.0023826554040676526,-0.027991948746255185
60,2018-03-15,AUD/JPY,83.46,83.84,-0.38000000000000966,-0.45324427480917184,-2.760000000000005,-0.004542745409325613,-0.0325346941555808
61,2018-03-16,AUD/JPY,82.49,83.46,-0.9699999999999989,-1.1622334052240582,-3.730000000000004,-0.011690401290766175,-0.04422509544634698
62,2018-03-19,AUD/JPY,81.3,82.49,-1.1899999999999977,-1.4425991029215637,-4.920000000000002,-0.01453105731887536,-0.058756152765222336
63,2018-03-20,AUD/JPY,81.9,81.3,0.6000000000000085,0.7380073800738112,-4.319999999999993,0.0073529743052589535,-0.05140317845996338
64,2018-03-21,AUD/JPY,81.96,81.9,0.05999999999998806,0.07326007326005868,-4.260000000000005,0.0007323325116750411,-0.05067084594828834
65,2018-03-22,AUD/JPY,81.91,81.96,-0.04999999999999716,-0.061005368472422106,-4.310000000000002,-0.0006102398431882987,-0.05128108579147664
66,2018-03-23,AUD/JPY,80.82,81.91,-1.0900000000000034,-1.3307288487364222,-5.400000000000006,-0.013396623877183052,-0.06467770966865968
67,2018-03-26,AUD/JPY,81.0,80.82,0.18000000000000682,0.22271714922049843,-5.219999999999999,0.00222469502211133,-0.06245301464654835
68,2018-03-27,AUD/JPY,81.74,81.0,0.7399999999999949,0.9135802469135739,-4.480000000000004,0.009094323463692383,-0.053358691182855966
69,2018-03-28,AUD/JPY,81.23,81.74,-0.5099999999999909,-0.623929532664535,-4.989999999999995,-0.006258841073268657,-0.05961753225612462
70,2018-03-29,AUD/JPY,81.61,81.23,0.37999999999999545,0.46780746029791387,-4.609999999999999,0.0046671664182889065,-0.05495036583783572
71,2018-04-03,AUD/JPY,81.46,81.61,-0.15000000000000568,-0.1838010047788331,-4.760000000000005,-0.001839701260885103,-0.05679006709872082
72,2018-04-04,AUD/JPY,82.04,81.46,0.5800000000000125,0.7120058924625737,-4.179999999999993,0.007094830983913396,-0.049695236114807424
73,2018-04-05,AUD/JPY,82.21,82.04,0.1699999999999875,0.2072159921989121,-4.010000000000005,0.002070015959861968,-0.047625220154945455
74,2018-04-06,AUD/JPY,82.37,82.21,0.1600000000000108,0.19462352511861186,-3.8499999999999943,0.0019443437891154321,-0.04568087636583002
75,2018-04-09,AUD/JPY,82.28,82.37,-0.09000000000000341,-0.1092630812188945,-3.9399999999999977,-0.0010932281684009608,-0.04677410453423098
76,2018-04-10,AUD/JPY,82.86,82.28,0.5799999999999983,0.7049100631988312,-3.3599999999999994,0.00702437186449938,-0.0397497326697316
77,2018-04-11,AUD/JPY,82.97,82.86,0.10999999999999943,0.13275404296403504,-3.25,0.001326660026938268,-0.038423072642793335
78,2018-04-12,AUD/JPY,82.88,82.97,-0.09000000000000341,-0.10847294202724288,-3.3400000000000034,-0.0010853181650209889,-0.03950839080781433
79,2018-04-13,AUD/JPY,83.61,82.88,0.730000000000004,0.8807915057915107,-2.6099999999999994,0.008769351650793551,-0.030739039157020774
80,2018-04-16,AUD/JPY,83.29,83.61,-0.3199999999999932,-0.38272933859585356,-2.9299999999999926,-0.003834636214717345,-0.03457367537173812
81,2018-04-17,AUD/JPY,83.16,83.29,-0.13000000000000966,-0.15608116220435786,-3.0600000000000023,-0.001562030957437064,-0.036135706329175184
82,2018-04-18,AUD/JPY,83.41,83.16,0.25,0.30062530062530063,-2.8100000000000023,0.0030017432637081632,-0.03313396306546702
83,2018-04-19,AUD/JPY,83.83,83.41,0.4200000000000017,0.5035367461935041,-2.3900000000000006,0.005022732396245548,-0.028111230669221474
84,2018-04-20,AUD/JPY,83.03,83.83,-0.7999999999999972,-0.9543122986997461,-3.1899999999999977,-0.00958895037582671,-0.03770018104504819
85,2018-04-23,AUD/JPY,82.71,83.03,-0.3200000000000074,-0.385402866433828,-3.510000000000005,-0.0038614745701242483,-0.04156165561517244
86,2018-04-24,AUD/JPY,82.78,82.71,0.07000000000000739,0.08463305525330359,-3.4399999999999977,0.0008459726167713605,-0.04071568299840107
87,2018-04-26,AUD/JPY,82.8,82.78,0.01999999999999602,0.024160425223479127,-3.4200000000000017,0.0002415750706276738,-0.0404741079277734
88,2018-04-27,AUD/JPY,82.43,82.8,-0.36999999999999034,-0.44685990338163084,-3.789999999999992,-0.004478613066077789,-0.04495272099385119
89,2018-04-30,AUD/JPY,82.63,82.43,0.19999999999998863,0.24263011039668642,-3.5900000000000034,0.0024233623879567497,-0.04252935860589444
90,2018-05-01,AUD/JPY,82.48,82.63,-0.14999999999999147,-0.18153213118720982,-3.739999999999995,-0.0018169710043884246,-0.04434632961028287
91,2018-05-02,AUD/JPY,82.38,82.48,-0.10000000000000853,-0.12124151309409374,-3.8400000000000034,-0.0012131507007699163,-0.04555948031105279
92,2018-05-03,AUD/JPY,82.48,82.38,0.10000000000000853,0.12138868657442163,-3.739999999999995,0.0012131507007699974,-0.044346329610282786
93,2018-05-04,AUD/JPY,82.24,82.48,-0.2400000000000091,-0.29097963142581124,-3.980000000000004,-0.002914038001849646,-0.04726036761213243
94,2018-05-07,AUD/JPY,82.1,82.24,-0.14000000000000057,-0.17023346303502015,-4.1200000000000045,-0.0017037852484724338,-0.04896415286060487
95,2018-05-08,AUD/JPY,81.93,82.1,-0.1699999999999875,-0.20706455542020405,-4.289999999999992,-0.002072792304659013,-0.05103694516526388
96,2018-05-09,AUD/JPY,81.42,81.93,-0.5100000000000051,-0.6224826071036312,-4.799999999999997,-0.006244281078890668,-0.05728122624415455
97,2018-05-10,AUD/JPY,81.91,81.42,0.4899999999999949,0.6018177352001902,-4.310000000000002,0.0060001404526777635,-0.051281085791476784
98,2018-05-11,AUD/JPY,82.5,81.91,0.5900000000000034,0.7203027713343956,-3.719999999999999,0.007177209813124627,-0.04410387597835216
99,2018-05-14,AUD/JPY,82.56,82.5,0.060000000000002274,0.07272727272727549,-3.6599999999999966,0.000727008392617263,-0.04337686758573489
100,2018-05-15,AUD/JPY,82.5,82.56,-0.060000000000002274,-0.07267441860465391,-3.719999999999999,-0.0007270083926173595,-0.04410387597835225
101,2018-05-16,AUD/JPY,82.51,82.5,0.010000000000005116,0.012121212121218323,-3.7099999999999937,0.00012120477561660171,-0.04398267120273565
102,2018-05-17,AUD/JPY,83.14,82.51,0.6299999999999955,0.7635438128711616,-3.0799999999999983,0.007606435708239469,-0.03637623549449618
103,2018-05-18,AUD/JPY,83.33,83.14,0.18999999999999773,0.22853019004089214,-2.8900000000000006,0.0022826945696240632,-0.034093540924872115
104,2018-05-21,AUD/JPY,83.69,83.33,0.35999999999999943,0.4320172806912269,-2.530000000000001,0.004310867650667217,-0.029782673274204897
105,2018-05-22,AUD/JPY,84.16,83.69,0.46999999999999886,0.5615963675468979,-2.0600000000000023,0.005600252944616957,-0.02418242032958794
106,2018-05-23,AUD/JPY,83.34,84.16,-0.8199999999999932,-0.9743346007604481,-2.8799999999999955,-0.009791122995092282,-0.03397354332468022
107,2018-05-24,AUD/JPY,82.78,83.34,-0.5600000000000023,-0.6719462443004587,-3.4399999999999977,-0.00674213967372108,-0.0407156829984013
108,2018-05-25,AUD/JPY,82.89,82.78,0.10999999999999943,0.13288233872916094,-3.3299999999999983,0.0013279412828485753,-0.039387741715552725
109,2018-05-28,AUD/JPY,83.02,82.89,0.12999999999999545,0.15683435878875068,-3.200000000000003,0.0015671150214577661,-0.03782062669409496
110,2018-05-29,AUD/JPY,82.2,83.02,-0.8199999999999932,-0.9877138039026659,-4.019999999999996,-0.009926240562758403,-0.04774686725685336
111,2018-05-30,AUD/JPY,81.53,82.2,-0.6700000000000017,-0.8150851581508536,-4.689999999999998,-0.00818425138731481,-0.05593111864416817
112,2018-05-31,AUD/JPY,82.29,81.53,0.7600000000000051,0.9321722065497426,-3.9299999999999926,0.00927854294280229,-0.046652575701365884
113,2018-06-01,AUD/JPY,82.26,82.29,-0.030000000000001137,-0.03645643456070134,-3.9599999999999937,-0.0003646308153435868,-0.04701720651670947
114,2018-06-04,AUD/JPY,83.48,82.26,1.2199999999999989,1.4831023583758798,-2.739999999999995,0.014722119406721926,-0.03229508710998755
115,2018-06-05,AUD/JPY,83.86,83.48,0.37999999999999545,0.45519885002395233,-2.3599999999999994,0.004541659533616652,-0.027753427576370896
116,2018-06-06,AUD/JPY,84.22,83.86,0.35999999999999943,0.4292869067493435,-2.0,0.004283680991165166,-0.02346974658520573
117,2018-06-07,AUD/JPY,84.2,84.22,-0.01999999999999602,-0.0237473284255474,-2.019999999999996,-0.00023750148550064686,-0.02370724807070638
118,2018-06-08,AUD/JPY,83.44,84.2,-0.7600000000000051,-0.9026128266033315,-2.780000000000001,-0.009067110555764112,-0.03277435862647049
119,2018-06-12,AUD/JPY,83.99,83.44,0.5499999999999972,0.6591562799616457,-2.230000000000004,0.006569933445018734,-0.026204425181451756
120,2018-06-13,AUD/JPY,83.74,83.99,-0.25,-0.2976544826765091,-2.480000000000004,-0.0029809835465385167,-0.02918540872799027
121,2018-06-14,AUD/JPY,83.13,83.74,-0.6099999999999994,-0.7284451874850723,-3.0900000000000034,-0.00731111304800052,-0.03649652177599079
122,2018-06-15,AUD/JPY,82.78,83.13,-0.3499999999999943,-0.42102730662816595,-3.4399999999999977,-0.0042191612224102976,-0.04071568299840109
123,2018-06-18,AUD/JPY,82.32,82.78,-0.46000000000000796,-0.55568978014014,-3.9000000000000057,-0.005572394794792325,-0.04628807779319341
124,2018-06-19,AUD/JPY,80.88,82.32,-1.4399999999999977,-1.7492711370262364,-5.340000000000003,-0.017647516813578113,-0.06393559460677152
125,2018-06-20,AUD/JPY,81.58,80.88,0.7000000000000028,0.8654797230464922,-4.640000000000001,0.008617559177196449,-0.05531803542957507
126,2018-06-21,AUD/JPY,81.47,81.58,-0.10999999999999943,-0.1348369698455497,-4.75,-0.0013492795668620153,-0.05666731499643709
127,2018-06-22,AUD/JPY,81.36,81.47,-0.10999999999999943,-0.135019025408125,-4.859999999999999,-0.0013511025822458675,-0.05801841757868296
128,2018-06-25,AUD/JPY,81.19,81.36,-0.1700000000000017,-0.20894788593903849,-5.030000000000001,-0.0020916648659494276,-0.06011008244463239
129,2018-06-26,AUD/JPY,81.28,81.19,0.09000000000000341,0.1108510900357229,-4.939999999999998,0.0011078969558167247,-0.05900218548881567
130,2018-06-27,AUD/JPY,81.08,81.28,-0.20000000000000284,-0.24606299212598776,-5.140000000000001,-0.0024636622463724703,-0.06146584773518814
131,2018-06-28,AUD/JPY,81.07,81.08,-0.010000000000005116,-0.01233349777997671,-5.150000000000006,-0.00012334258418361904,-0.06158919031937175
132,2018-06-29,AUD/JPY,81.82,81.07,0.75,0.9251264339459726,-4.400000000000006,0.009208733501636776,-0.052380456817734976
133,2018-07-02,AUD/JPY,81.71,81.82,-0.10999999999999943,-0.1344414568565136,-4.510000000000005,-0.0013453191046364484,-0.053725775922371426
134,2018-07-03,AUD/JPY,81.67,81.71,-0.03999999999999204,-0.048953616448405395,-4.549999999999997,-0.0004896560264317095,-0.054215431948803135
135,2018-07-04,AUD/JPY,81.71,81.67,0.03999999999999204,0.04897759275130653,-4.510000000000005,0.0004896560264316844,-0.05372577592237145
136,2018-07-05,AUD/JPY,81.65,81.71,-0.05999999999998806,-0.07343042467260809,-4.569999999999993,-0.0007345739801417724,-0.05446034990251323
137,2018-07-06,AUD/JPY,82.04,81.65,0.39000000000000057,0.47764849969381573,-4.179999999999993,0.00476511378770565,-0.04969523611480758
138,2018-07-09,AUD/JPY,82.47,82.04,0.4299999999999926,0.5241345685031601,-3.75,0.005227657641084023,-0.044467578473723554
139,2018-07-10,AUD/JPY,82.89,82.47,0.4200000000000017,0.5092761004001476,-3.3299999999999983,0.005079836758170836,-0.03938774171555272
140,2018-07-11,AUD/JPY,82.28,82.89,-0.6099999999999994,-0.7359150681626245,-3.9399999999999977,-0.007386362818678481,-0.0467741045342312
141,2018-07-12,AUD/JPY,82.92,82.28,0.6400000000000006,0.7778317938745752,-3.299999999999997,0.007748222782822511,-0.039025881751408684
142,2018-07-13,AUD/JPY,83.48,82.92,0.5600000000000023,0.6753497346840356,-2.739999999999995,0.006730794641421219,-0.032295087109987464
143,2018-07-16,AUD/JPY,83.59,83.48,0.10999999999999943,0.1317680881648292,-2.6299999999999955,0.0013168135020646436,-0.03097827360792282
144,2018-07-17,AUD/JPY,83.49,83.59,-0.10000000000000853,-0.1196315348726026,-2.730000000000004,-0.0011970315051557249,-0.03217530511307855
145,2018-07-18,AUD/JPY,83.19,83.49,-0.29999999999999716,-0.35932446999640333,-3.030000000000001,-0.0035997159101127003,-0.035775021023191245
146,2018-07-19,AUD/JPY,83.59,83.19,0.4000000000000057,0.48082702247867015,-2.6299999999999955,0.004796747415268454,-0.03097827360792279
147,2018-07-20,AUD/JPY,82.84,83.59,-0.75,-0.8972365115444432,-3.3799999999999955,-0.009012859183681327,-0.039991132791604114
148,2018-07-23,AUD/JPY,82.39,82.84,-0.45000000000000284,-0.5432158377595399,-3.8299999999999983,-0.0054469661998847565,-0.04543809899148887
149,2018-07-24,AUD/JPY,82.09,82.39,-0.29999999999999716,-0.3641218594489588,-4.1299999999999955,-0.003647863967323864,-0.049085962958812734
150,2018-07-25,AUD/JPY,82.31,82.09,0.21999999999999886,0.2679985381897903,-3.9099999999999966,0.002676400624377853,-0.046409562334434884
151,2018-07-26,AUD/JPY,82.31,82.31,0.0,0.0,-3.9099999999999966,0.0,-0.046409562334434884
152,2018-07-27,AUD/JPY,82.08,82.31,-0.23000000000000398,-0.27943141781072045,-4.140000000000001,-0.0027982255620932106,-0.0492077878965281
153,2018-07-30,AUD/JPY,82.14,82.08,0.060000000000002274,0.07309941520468113,-4.079999999999998,0.0007307271059531384,-0.04847706079057496
154,2018-07-31,AUD/JPY,82.68,82.14,0.5400000000000063,0.657414170927692,-3.539999999999992,0.006552626285154984,-0.04192443450541998
155,2018-08-01,AUD/JPY,82.95,82.68,0.269999999999996,0.3265602322206047,-3.269999999999996,0.003260281822885852,-0.03866415268253413
156,2018-08-02,AUD/JPY,82.39,82.95,-0.5600000000000023,-0.6751054852320703,-3.8299999999999983,-0.006773946308954917,-0.04543809899148904
157,2018-08-03,AUD/JPY,82.31,82.39,-0.0799999999999983,-0.0970991625197212,-3.9099999999999966,-0.0009714633429460155,-0.04640956233443506
158,2018-08-07,AUD/JPY,82.41,82.31,0.09999999999999432,0.12149192078726075,-3.8100000000000023,0.001214181790739434,-0.045195380543695624
159,2018-08-08,AUD/JPY,82.64,82.41,0.23000000000000398,0.2790923431622424,-3.5799999999999983,0.002787036036090894,-0.04240834450760473
160,2018-08-09,AUD/JPY,82.56,82.64,-0.0799999999999983,-0.09680542110357973,-3.6599999999999966,-0.000968523078130537,-0.043376867585735265
161,2018-08-10,AUD/JPY,81.37,82.56,-1.1899999999999977,-1.4413759689922452,-4.849999999999994,-0.014518647024686648,-0.057895514610421916
162,2018-08-13,AUD/JPY,80.25,81.37,-1.1200000000000045,-1.3764286592110169,-5.969999999999999,-0.013859892698440691,-0.07175540730886261
163,2018-08-14,AUD/JPY,80.61,80.25,0.35999999999999943,0.4485981308411208,-5.609999999999999,0.004475949285384357,-0.06727945802347825
164,2018-08-15,AUD/JPY,80.27,80.61,-0.3400000000000034,-0.4217838977794361,-5.950000000000003,-0.004226759152024119,-0.07150621717550237
165,2018-08-16,AUD/JPY,80.65,80.27,0.38000000000000966,0.4734022673477136,-5.569999999999993,0.004722852427732478,-0.0667833647477699
166,2018-08-17,AUD/JPY,80.62,80.65,-0.030000000000001137,-0.03719776813391337,-5.599999999999994,-0.00037204688219814224,-0.06715541162996805
167,2018-08-20,AUD/JPY,80.8,80.62,0.1799999999999926,0.2232696601339526,-5.420000000000002,0.002230207838029864,-0.06492520379193818
168,2018-08-21,AUD/JPY,81.01,80.8,0.21000000000000796,0.25990099009901974,-5.209999999999994,0.002595638315350349,-0.062329565476587835
169,2018-08-22,AUD/JPY,81.22,81.01,0.20999999999999375,0.25922725589432627,-5.0,0.002588918415751858,-0.059740647060835976
170,2018-08-23,AUD/JPY,80.87,81.22,-0.3499999999999943,-0.43092834277270914,-5.349999999999994,-0.004318595150420868,-0.06405924221125685
171,2018-08-24,AUD/JPY,81.08,80.87,0.20999999999999375,0.2596760232471791,-5.140000000000001,0.0025933944760683277,-0.06146584773518852
172,2018-08-27,AUD/JPY,81.31,81.08,0.23000000000000398,0.2836704489393241,-4.909999999999997,0.0028326886359470137,-0.05863315909924151
173,2018-08-28,AUD/JPY,81.52,81.31,0.20999999999999375,0.25827081539785235,-4.700000000000003,0.0025793786947230384,-0.05605378040451847
174,2018-08-29,AUD/JPY,81.25,81.52,-0.269999999999996,-0.33120706575073117,-4.969999999999999,-0.003317567704622418,-0.05937134810914089
175,2018-08-30,AUD/JPY,81.29,81.25,0.04000000000000625,0.049230769230776926,-4.929999999999993,0.0004921865486341833,-0.0588791615605067
176,2018-08-31,AUD/JPY,80.58,81.29,-0.710000000000008,-0.8734161643498682,-5.640000000000001,-0.008772527995279876,-0.06765168955578658
177,2018-09-03,AUD/JPY,79.86,80.58,-0.7199999999999989,-0.8935219657483232,-6.359999999999999,-0.008975378128125924,-0.0766270676839125
178,2018-09-04,AUD/JPY,80.38,79.86,0.519999999999996,0.6511394941146957,-5.840000000000003,0.0064902873859798305,-0.07013678029793267
179,2018-09-05,AUD/JPY,80.12,80.38,-0.2599999999999909,-0.32346354814629374,-6.099999999999994,-0.003239878223437462,-0.07337665852137014
180,2018-09-06,AUD/JPY,79.84,80.12,-0.28000000000000114,-0.3494757863205206,-6.3799999999999955,-0.003500878794408966,-0.07687753731577911
181,2018-09-07,AUD/JPY,79.09,79.84,-0.75,-0.93937875751503,-7.1299999999999955,-0.009438187471882672,-0.08631572478766178
182,2018-09-10,AUD/JPY,78.96,79.09,-0.13000000000000966,-0.16436970539892484,-7.260000000000005,-0.0016450494060998519,-0.08796077419376164
183,2018-09-11,AUD/JPY,79.41,78.96,0.45000000000000284,0.5699088145896692,-6.810000000000002,0.005682909781893494,-0.08227786441186814
184,2018-09-12,AUD/JPY,79.21,79.41,-0.20000000000000284,-0.2518574486840484,-7.010000000000005,-0.0025217514309312876,-0.08479961584279944
185,2018-09-13,AUD/JPY,80.02,79.21,0.8100000000000023,1.022598156798387,-6.200000000000003,0.010174049952900752,-0.07462556588989869
186,2018-09-14,AUD/JPY,80.55,80.02,0.5300000000000011,0.6623344163959025,-5.670000000000002,0.00660150619389434,-0.06802405969600435
187,2018-09-17,AUD/JPY,80.19,80.55,-0.35999999999999943,-0.44692737430167523,-6.030000000000001,-0.004479290804046057,-0.07250335050005041
188,2018-09-18,AUD/JPY,80.69,80.19,0.5,0.6235191420376606,-5.530000000000001,0.006215833041477917,-0.06628751745857249
189,2018-09-19,AUD/JPY,81.38,80.69,0.6899999999999977,0.8551245507497803,-4.840000000000003,0.008514890713128729,-0.05777262674544376
190,2018-09-20,AUD/JPY,81.42,81.38,0.04000000000000625,0.049152125829449805,-4.799999999999997,0.000491400501289006,-0.057281226244154756
191,2018-09-21,AUD/JPY,82.27,81.42,0.8499999999999943,1.043969540653395,-3.950000000000003,0.010385578106006143,-0.046895648138148616
192,2018-09-24,AUD/JPY,81.77,82.27,-0.5,-0.6077549532028687,-4.450000000000003,-0.006096093006953018,-0.052991741145101634
193,2018-09-25,AUD/JPY,81.75,81.77,-0.01999999999999602,-0.024458847988254886,-4.469999999999999,-0.0002446183965230348,-0.053236359541624666
194,2018-09-26,AUD/JPY,82.02,81.75,0.269999999999996,0.3302752293577933,-4.200000000000003,0.003297310186550454,-0.04993904935507421
195,2018-09-27,AUD/JPY,81.47,82.02,-0.5499999999999972,-0.6705681541087505,-4.75,-0.006728265641362774,-0.056667314996436985
196,2018-09-28,AUD/JPY,81.96,81.47,0.4899999999999949,0.6014483859089172,-4.260000000000005,0.0059964690481485675,-0.05067084594828842
197,2018-10-02,AUD/JPY,81.94,81.96,-0.01999999999999602,-0.024402147388965376,-4.280000000000001,-0.0002440512519739746,-0.05091489720026239
198,2018-10-03,AUD/JPY,81.69,81.94,-0.25,-0.305101293629485,-4.530000000000001,-0.003055676764947085,-0.053970573965209476
199,2018-10-04,AUD/JPY,81.0,81.69,-0.6899999999999977,-0.8446566287183226,-5.219999999999999,-0.008482440681339113,-0.06245301464654859
200,2018-10-05,AUD/JPY,80.46,81.0,-0.5400000000000063,-0.6666666666666744,-5.760000000000005,-0.006688988150796652,-0.06914200279734524
201,2018-10-08,AUD/JPY,80.37,80.46,-0.0899999999999892,-0.11185682326620582,-5.849999999999994,-0.0011191942970150007,-0.07026119709436024
202,2018-10-09,AUD/JPY,80.17,80.37,-0.20000000000000284,-0.2488490730372065,-6.049999999999997,-0.0024915921697668286,-0.07275278926412707
203,2018-10-10,AUD/JPY,80.48,80.17,0.3100000000000023,0.38667830859424007,-5.739999999999995,0.0038593262965689094,-0.06889346296755816
204,2018-10-11,AUD/JPY,79.33,80.48,-1.1500000000000057,-1.4289264413518956,-6.890000000000001,-0.014392339037517592,-0.08328580200507575
205,2018-10-12,AUD/JPY,80.02,79.33,0.6899999999999977,0.8697844447245653,-6.200000000000003,0.008660236115177362,-0.07462556588989838
206,2018-10-15,AUD/JPY,79.64,80.02,-0.37999999999999545,-0.4748812796800743,-6.579999999999998,-0.004760124233093355,-0.07938569012299174
207,2018-10-16,AUD/JPY,79.79,79.64,0.15000000000000568,0.18834756403817893,-6.429999999999993,0.0018817041241941438,-0.0775039859987976
208,2018-10-17,AUD/JPY,80.12,79.79,0.3299999999999983,0.4135856623637026,-6.099999999999994,0.004127327477428015,-0.07337665852136958
209,2018-10-18,AUD/JPY,80.24,80.12,0.11999999999999034,0.14977533699449616,-5.980000000000004,0.001496632856062459,-0.07188002566530713
210,2018-10-19,AUD/JPY,79.88,80.24,-0.35999999999999943,-0.4486540378863403,-6.340000000000003,-0.004496635106065639,-0.07637666077137277
211,2018-10-22,AUD/JPY,80.02,79.88,0.14000000000000057,0.175262894341513,-6.200000000000003,0.001751094881474482,-0.07462556588989828
212,2018-10-23,AUD/JPY,79.49,80.02,-0.5300000000000011,-0.6623344163959025,-6.730000000000004,-0.006645375844067732,-0.08127094173396601
213,2018-10-24,AUD/JPY,80.01,79.49,0.5200000000000102,0.65417033589132,-6.209999999999994,0.006520399277011492,-0.07475054245695452
214,2018-10-25,AUD/JPY,79.33,80.01,-0.6800000000000068,-0.8498937632795985,-6.890000000000001,-0.008535259548121095,-0.08328580200507561
215,2018-10-26,AUD/JPY,78.94,79.33,-0.39000000000000057,-0.4916172948443219,-7.280000000000001,-0.004928297079210563,-0.08821409908428618
216,2018-10-29,AUD/JPY,79.49,78.94,0.5499999999999972,0.6967316949581925,-6.730000000000004,0.006943157350320116,-0.08127094173396607
217,2018-10-30,AUD/JPY,79.95,79.49,0.46000000000000796,0.578689143288474,-6.269999999999996,0.005770211694942015,-0.07550073003902405
218,2018-10-31,AUD/JPY,80.23,79.95,0.28000000000000114,0.3502188868042541,-5.989999999999995,0.0034960704856012905,-0.07200465955342276
219,2018-11-01,AUD/JPY,80.47,80.23,0.23999999999999488,0.29913997257882946,-5.75,0.002986934392476703,-0.06901772516094606
220,2018-11-02,AUD/JPY,81.82,80.47,1.3499999999999943,1.6776438424257418,-4.400000000000006,0.016637268343211015,-0.05238045681773505
221,2018-11-05,AUD/JPY,81.41,81.82,-0.4099999999999966,-0.5010999755560946,-4.810000000000002,-0.0050235969153661205,-0.057404053733101174
222,2018-11-06,AUD/JPY,81.76,81.41,0.3500000000000085,0.4299226139295032,-4.459999999999994,0.004290010869508134,-0.05311404286359304
223,2018-11-07,AUD/JPY,82.23,81.76,0.46999999999999886,0.5748532289628165,-3.989999999999995,0.00573207252740987,-0.04738197033618317
224,2018-11-08,AUD/JPY,82.73,82.23,0.5,0.6080505898090721,-3.489999999999995,0.006062094219287306,-0.04131987611689586
225,2018-11-09,AUD/JPY,82.52,82.73,-0.21000000000000796,-0.25383778556751835,-3.700000000000003,-0.002541604999040598,-0.043861481115936456
226,2018-11-12,AUD/JPY,82.38,82.52,-0.14000000000000057,-0.16965584100824113,-3.8400000000000034,-0.0016979991951164145,-0.04555948031105287
227,2018-11-13,AUD/JPY,82.21,82.38,-0.1700000000000017,-0.20636076717650123,-4.010000000000005,-0.0020657398438927023,-0.04762522015494557
228,2018-11-14,AUD/JPY,82.22,82.21,0.010000000000005116,0.012163970319918643,-4.0,0.00012163230569030069,-0.04750358784925527
229,2018-11-15,AUD/JPY,82.59,82.22,0.37000000000000455,0.45001216249088366,-3.6299999999999955,0.0044900263528932635,-0.043013561496362006
230,2018-11-16,AUD/JPY,82.46,82.59,-0.13000000000000966,-0.15740404407314404,-3.760000000000005,-0.0015752805438717563,-0.044588842040233764
231,2018-11-19,AUD/JPY,82.4,82.46,-0.05999999999998806,-0.0727625515401262,-3.819999999999993,-0.0007278903633278173,-0.04531673240356158
232,2018-11-20,AUD/JPY,81.84,82.4,-0.5600000000000023,-0.6796116504854396,-4.3799999999999955,-0.006819315272054948,-0.052136047675616526
233,2018-11-21,AUD/JPY,81.68,81.84,-0.1599999999999966,-0.19550342130986875,-4.539999999999992,-0.001956947786960924,-0.05409299546257745
234,2018-11-22,AUD/JPY,81.94,81.68,0.2599999999999909,0.3183153770812817,-4.280000000000001,0.00317809826231488,-0.05091489720026257
235,2018-11-23,AUD/JPY,81.86,81.94,-0.0799999999999983,-0.09763241396143311,-4.359999999999999,-0.0009768010544680703,-0.05189169825473064
236,2018-11-26,AUD/JPY,82.08,81.86,0.21999999999999886,0.2687515269973111,-4.140000000000001,0.0026839103582023535,-0.049207787896528285
237,2018-11-27,AUD/JPY,82.04,82.08,-0.03999999999999204,-0.04873294346977588,-4.179999999999993,-0.0004874482182794448,-0.04969523611480773
238,2018-11-28,AUD/JPY,82.33,82.04,0.28999999999999204,0.35348610433933697,-3.8900000000000006,0.003528628106154728,-0.046166608008653
239,2018-11-29,AUD/JPY,82.86,82.33,0.5300000000000011,0.6437507591400475,-3.3599999999999994,0.006416875338921126,-0.03974973266973188
240,2018-11-30,AUD/JPY,82.98,82.86,0.12000000000000455,0.1448225923244081,-3.239999999999995,0.0014471782554660718,-0.038302554414265805
241,2018-12-03,AUD/JPY,83.62,82.98,0.6400000000000006,0.771270185586889,-2.5999999999999943,0.007683111023697147,-0.030619443390568657
242,2018-12-04,AUD/JPY,83.41,83.62,-0.21000000000000796,-0.251136091844066,-2.8100000000000023,-0.0025145196748985674,-0.033133963065467224
243,2018-12-05,AUD/JPY,82.35,83.41,-1.0600000000000023,-1.2708308356312221,-3.8700000000000045,-0.012789749629871124,-0.04592371269533835
244,2018-12-06,AUD/JPY,81.39,82.35,-0.9599999999999937,-1.165755919854273,-4.829999999999998,-0.011726041284699177,-0.05764975398003752
245,2018-12-07,AUD/JPY,81.62,81.39,0.23000000000000398,0.2825899987713527,-4.599999999999994,0.0028219146387096212,-0.0548278393413279
246,2018-12-10,AUD/JPY,81.2,81.62,-0.4200000000000017,-0.5145797598627808,-5.019999999999996,-0.005159082810027336,-0.05998692215135523
247,2018-12-11,AUD/JPY,81.47,81.2,0.269999999999996,0.33251231527093106,-4.75,0.003319607154918166,-0.05666731499643707
248,2018-12-12,AUD/JPY,81.87,81.47,0.4000000000000057,0.49097827421137313,-4.349999999999994,0.004897769065806349,-0.05176954593063072
249,2018-12-13,AUD/JPY,82.02,81.87,0.14999999999999147,0.18321729571270487,-4.200000000000003,0.0018304965755563663,-0.04993904935507435
250,2018-12-14,AUD/JPY,81.56,82.02,-0.45999999999999375,-0.5608388198000411,-4.659999999999997,-0.005624174257658637,-0.055563223612732984
251,2018-12-17,AUD/JPY,81.41,81.56,-0.15000000000000568,-0.18391368317803541,-4.810000000000002,-0.0018408301203681663,-0.05740405373310115
252,2018-12-18,AUD/JPY,80.92,81.41,-0.4899999999999949,-0.6018916595012835,-5.299999999999997,-0.006037103286341605,-0.06344115701944275
253,2018-12-19,AUD/JPY,80.77,80.92,-0.15000000000000568,-0.18536826495304706,-5.450000000000003,-0.001855402845339826,-0.06529655986478258
254,2018-12-20,AUD/JPY,79.65,80.77,-1.1199999999999903,-1.386653460443222,-6.569999999999993,-0.013963573098147284,-0.07926013296292987
255,2018-12-21,AUD/JPY,79.19,79.65,-0.46000000000000796,-0.5775266792216044,-7.030000000000001,-0.005792008133736543,-0.08505214109666641
256,2018-12-24,AUD/JPY,78.49,79.19,-0.7000000000000028,-0.8839499936860751,-7.730000000000004,-0.008878800083598804,-0.09393094118026521
257,2018-12-27,AUD/JPY,78.37,78.49,-0.11999999999999034,-0.1528857179258381,-7.849999999999994,-0.001530027073949027,-0.09546096825421424
258,2018-12-28,AUD/JPY,78.01,78.37,-0.35999999999999943,-0.45935944876866075,-8.209999999999994,-0.0046041774645514425,-0.10006514571876568
259,2018-12-31,AUD/JPY,77.93,78.01,-0.0799999999999983,-0.1025509550057663,-8.289999999999992,-0.001026035744752159,-0.10109118146351784
260,2019-01-02,AUD/JPY,76.78,77.93,-1.1500000000000057,-1.4756833055306116,-9.439999999999998,-0.014866798282817938,-0.11595797974633577
261,2019-01-03,AUD/JPY,74.42,76.78,-2.3599999999999994,-3.073717113831726,-11.799999999999997,-0.03121946665417525,-0.14717744640051103
262,2019-01-04,AUD/JPY,76.1,74.42,1.6799999999999926,2.2574576726686275,-10.120000000000005,0.02232354194916362,-0.1248539044513474
263,2019-01-07,AUD/JPY,77.25,76.1,1.1500000000000057,1.5111695137976424,-8.969999999999999,0.014998650910214732,-0.10985525354113268
264,2019-01-08,AUD/JPY,77.71,77.25,0.45999999999999375,0.5954692556634223,-8.510000000000005,0.005937033443295968,-0.10391822009783672
265,2019-01-09,AUD/JPY,77.89,77.71,0.18000000000000682,0.2316304207952732,-8.329999999999998,0.002313625710706489,-0.10160459438713022
266,2019-01-10,AUD/JPY,77.58,77.89,-0.3100000000000023,-0.3979971755039187,-8.64,-0.003987912920036058,-0.10559250730716628
267,2019-01-11,AUD/JPY,78.21,77.58,0.6299999999999955,0.81206496519721,-8.010000000000005,0.008087854601698906,-0.09750465270546738
268,2019-01-14,AUD/JPY,77.67,78.21,-0.539999999999992,-0.6904487917146044,-8.549999999999997,-0.006928434181963988,-0.10443308688743136
269,2019-01-15,AUD/JPY,78.29,77.67,0.6200000000000045,0.7982490021887532,-7.929999999999993,0.007950798488266835,-0.09648228839916452
270,2019-01-16,AUD/JPY,78.06,78.29,-0.23000000000000398,-0.2937795376165589,-8.159999999999997,-0.0029421191673539406,-0.09942440756651846
271,2019-01-17,AUD/JPY,77.97,78.06,-0.09000000000000341,-0.11529592621061159,-8.25,-0.0011536244309603761,-0.10057803199747883
272,2019-01-18,AUD/JPY,78.68,77.97,0.710000000000008,0.9106066435808746,-7.539999999999992,0.009064856199349785,-0.09151317579812905
273,2019-01-21,AUD/JPY,78.57,78.68,-0.11000000000001364,-0.1398068124046945,-7.650000000000006,-0.0013990463331282994,-0.09291222213125735
274,2019-01-22,AUD/JPY,78.13,78.57,-0.4399999999999977,-0.5600101820033063,-8.090000000000003,-0.0056158411790771905,-0.09852806331033455
275,2019-01-23,AUD/JPY,78.29,78.13,0.1600000000000108,0.20478689363882097,-7.929999999999993,0.002045774911170112,-0.09648228839916444
276,2019-01-24,AUD/JPY,77.9,78.29,-0.39000000000000057,-0.49814791161067895,-8.319999999999993,-0.004993928043120262,-0.1014762164422847
277,2019-01-25,AUD/JPY,77.87,77.9,-0.030000000000001137,-0.03851091142490518,-8.349999999999994,-0.00038518328780787507,-0.10186139973009257
278,2019-01-29,AUD/JPY,78.32,77.87,0.44999999999998863,0.5778862206241026,-7.900000000000006,0.005762228633360186,-0.09609917109673238
279,2019-01-30,AUD/JPY,78.68,78.32,0.36000000000001364,0.4596527068437355,-7.539999999999992,0.00458599529860358,-0.0915131757981288
280,2019-01-31,AUD/JPY,79.09,78.68,0.4099999999999966,0.5210981189628833,-7.1299999999999955,0.005197451010467483,-0.08631572478766132
281,2019-02-01,AUD/JPY,78.83,79.09,-0.2600000000000051,-0.3287394107978317,-7.390000000000001,-0.003292809459509038,-0.08960853424717036
282,2019-02-04,AUD/JPY,79.33,78.83,0.5,0.6342762907522517,-6.890000000000001,0.00632273224209474,-0.08328580200507561
283,2019-02-05,AUD/JPY,79.78,79.33,0.45000000000000284,0.5672507248203742,-6.439999999999998,0.00565647916334908,-0.07762932284172654
284,2019-02-06,AUD/JPY,78.51,79.78,-1.269999999999996,-1.591877663574826,-7.709999999999994,-0.016046841267096334,-0.09367616410882287
285,2019-02-07,AUD/JPY,78.03,78.51,-0.480000000000004,-0.6113870844478461,-8.189999999999998,-0.006132637081494357,-0.09980880119031724
286,2019-02-08,AUD/JPY,77.64,78.03,-0.39000000000000057,-0.4998077662437531,-8.579999999999998,-0.005010609827860375,-0.10481941101817761
287,2019-02-11,AUD/JPY,78.02,77.64,0.37999999999999545,0.48943843379700597,-8.200000000000003,0.004882445777700897,-0.09993696524047671
288,2019-02-12,AUD/JPY,78.22,78.02,0.20000000000000284,0.2563445270443513,-8.0,0.0025601652488576316,-0.09737679999161908
289,2019-02-13,AUD/JPY,78.91,78.22,0.6899999999999977,0.882127333162871,-7.310000000000002,0.008782593205575463,-0.08859420678604361
290,2019-02-14,AUD/JPY,79.04,78.91,0.13000000000000966,0.1647446457990238,-7.179999999999993,0.0016460909066689385,-0.08694811587937468
291,2019-02-15,AUD/JPY,78.24,79.04,-0.8000000000000114,-1.0121457489878685,-7.980000000000004,-0.010173027713050632,-0.09712114359242531
292,2019-02-18,AUD/JPY,79.04,78.24,0.8000000000000114,1.022494887525577,-7.179999999999993,0.010173027713050568,-0.08694811587937475
293,2019-02-19,AUD/JPY,78.71,79.04,-0.3300000000000125,-0.4175101214575057,-7.510000000000005,-0.004183841285253785,-0.09113195716462853
294,2019-02-20,AUD/JPY,79.37,78.71,0.6600000000000108,0.8385211536018433,-6.849999999999994,0.00835025094842544,-0.0827817062162031
295,2019-02-21,AUD/JPY,79.35,79.37,-0.020000000000010232,-0.025198437696875686,-6.8700000000000045,-0.0002520161303661871,-0.08303372234656928
296,2019-02-22,AUD/JPY,78.58,79.35,-0.769999999999996,-0.970384373030871,-7.640000000000001,-0.009751232842104362,-0.09278495518867363
297,2019-02-25,AUD/JPY,79.06,78.58,0.480000000000004,0.6108424535505268,-7.159999999999997,0.0060898437382257255,-0.0866951114504479
298,2019-02-26,AUD/JPY,79.33,79.06,0.269999999999996,0.3415127751075082,-6.890000000000001,0.003409309445371978,-0.08328580200507593
299,2019-02-27,AUD/JPY,79.44,79.33,0.10999999999999943,0.1386612882894232,-6.780000000000001,0.0013856524230056713,-0.08190014958207026
300,2019-02-28,AUD/JPY,79.23,79.44,-0.20999999999999375,-0.2643504531721976,-6.989999999999995,-0.0026470047597665757,-0.08454715434183684
301,2019-03-01,AUD/JPY,79.21,79.23,-0.020000000000010232,-0.02524296352393062,-7.010000000000005,-0.000252461500962359,-0.0847996158427992
302,2019-03-04,AUD/JPY,79.44,79.21,0.23000000000000398,0.2903673778563363,-6.780000000000001,0.002899466260728796,-0.0819001495820704
303,2019-03-05,AUD/JPY,79.18,79.44,-0.2599999999999909,-0.3272910372608144,-7.039999999999992,-0.003278278058932464,-0.08517842764100286
304,2019-03-06,AUD/JPY,78.63,79.18,-0.5500000000000114,-0.6946198534983725,-7.590000000000003,-0.006970435674559996,-0.09214886331556287
305,2019-03-07,AUD/JPY,78.73,78.63,0.10000000000000853,0.1271779219127668,-7.489999999999995,0.0012709711929512954,-0.09087789212261158
306,2019-03-08,AUD/JPY,77.97,78.73,-0.7600000000000051,-0.965324526863972,-8.25,-0.009700139874867349,-0.10057803199747892
307,2019-03-11,AUD/JPY,78.28,77.97,0.3100000000000023,0.3975888162113662,-7.939999999999998,0.003968005206366959,-0.09661002679111196
308,2019-03-12,AUD/JPY,78.71,78.28,0.4299999999999926,0.5493101686254377,-7.510000000000005,0.0054780696264831105,-0.09113195716462885
309,2019-03-13,AUD/JPY,78.52,78.71,-0.18999999999999773,-0.2413924533096147,-7.700000000000003,-0.002416842746098485,-0.09354879991072734
310,2019-03-14,AUD/JPY,78.78,78.52,0.2600000000000051,0.3311258278145761,-7.439999999999998,0.0033057881344996315,-0.0902430117762277
311,2019-03-15,AUD/JPY,79.09,78.78,0.3100000000000023,0.3935008885503964,-7.1299999999999955,0.00392728698856602,-0.08631572478766168
312,2019-03-18,AUD/JPY,79.35,79.09,0.2599999999999909,0.32873941079781377,-6.8700000000000045,0.003282002441092033,-0.08303372234656965
313,2019-03-19,AUD/JPY,79.06,79.35,-0.28999999999999204,-0.3654694391934367,-7.159999999999997,-0.003661389103878492,-0.08669511145044814
314,2019-03-20,AUD/JPY,78.95,79.06,-0.10999999999999943,-0.13913483430306023,-7.269999999999996,-0.0013923171668883075,-0.08808742861733646
315,2019-03-21,AUD/JPY,78.95,78.95,0.0,0.0,-7.269999999999996,0.0,-0.08808742861733646
316,2019-03-22,AUD/JPY,78.72,78.95,-0.23000000000000398,-0.29132362254592015,-7.5,-0.0029174879576532105,-0.09100491657498967
317,2019-03-25,AUD/JPY,77.85,78.72,-0.8700000000000045,-1.105182926829274,-8.370000000000005,-0.011113354463990699,-0.10211827103898037
318,2019-03-26,AUD/JPY,78.38,77.85,0.5300000000000011,0.6807964033397574,-7.840000000000003,0.006784894491478068,-0.0953333765475023
319,2019-03-27,AUD/JPY,78.54,78.38,0.1600000000000108,0.20413370757847768,-7.679999999999993,0.002039256378378321,-0.09329412016912399
320,2019-03-28,AUD/JPY,78.19,78.54,-0.3500000000000085,-0.4456327985739859,-8.030000000000001,-0.004466287013440972,-0.09776040718256496
321,2019-03-29,AUD/JPY,78.49,78.19,0.29999999999999716,0.383680777593039,-7.730000000000004,0.0038294660022995725,-0.09393094118026539
322,2019-04-01,AUD/JPY,79.06,78.49,0.5700000000000074,0.726207160147799,-7.159999999999997,0.007235829729817189,-0.0866951114504482
323,2019-04-02,AUD/JPY,78.84,79.06,-0.21999999999999886,-0.27826966860612046,-7.3799999999999955,-0.002786575584020015,-0.08948168703446821
324,2019-04-03,AUD/JPY,79.13,78.84,0.28999999999999204,0.3678335870116591,-7.090000000000003,0.0036715873365825197,-0.0858100996978857
325,2019-04-04,AUD/JPY,79.22,79.13,0.09000000000000341,0.11373688866422775,-7.0,0.001136722572668652,-0.08467337712521704
326,2019-04-05,AUD/JPY,79.59,79.22,0.37000000000000455,0.4670537742994251,-6.6299999999999955,0.004659664623987503,-0.08001371250122953
327,2019-04-08,AUD/JPY,79.05,79.59,-0.5400000000000063,-0.6784771956275992,-7.170000000000002,-0.006807893162277065,-0.08682160566350659
328,2019-04-09,AUD/JPY,79.45,79.05,0.4000000000000057,0.5060088551549724,-6.769999999999996,0.005047329327244023,-0.08177427633626257
329,2019-04-10,AUD/JPY,79.42,79.45,-0.030000000000001137,-0.0377595972309643,-6.799999999999997,-0.0003776672796196381,-0.0821519436158822
330,2019-04-11,AUD/JPY,79.57,79.42,0.14999999999999147,0.1888693024426989,-6.650000000000006,0.0018869116863380279,-0.08026503192954416
331,2019-04-12,AUD/JPY,79.73,79.57,0.1600000000000108,0.20108080935027123,-6.489999999999995,0.002008789124960664,-0.0782562428045835
332,2019-04-15,AUD/JPY,80.22,79.73,0.4899999999999949,0.6145741878841025,-6.0,0.006126933827502738,-0.07212930897708077
333,2019-04-16,AUD/JPY,80.0,80.22,-0.21999999999999886,-0.27424582398404246,-6.219999999999999,-0.0027462256680251883,-0.07487553464510595
334,2019-04-17,AUD/JPY,80.64,80.0,0.6400000000000006,0.8000000000000007,-5.579999999999998,0.007968169649176881,-0.06690736499592907
335,2019-04-18,AUD/JPY,80.36,80.64,-0.28000000000000114,-0.34722222222222365,-5.859999999999999,-0.0034782643763248086,-0.07038562937225389
336,2019-04-23,AUD/JPY,79.71,80.36,-0.6500000000000057,-0.8088601294176277,-6.510000000000005,-0.008121491506901954,-0.07850712087915585
337,2019-04-24,AUD/JPY,78.72,79.71,-0.9899999999999949,-1.2420022581859176,-7.5,-0.01249779569583375,-0.0910049165749896
338,2019-04-26,AUD/JPY,78.46,78.72,-0.2600000000000051,-0.330284552845535,-7.760000000000005,-0.0033083119625915837,-0.09431322853758119
339,2019-04-29,AUD/JPY,78.76,78.46,0.30000000000001137,0.3823604384399839,-7.459999999999994,0.003816312989518362,-0.09049691554806283
340,2019-04-30,AUD/JPY,78.5,78.76,-0.2600000000000051,-0.3301168105637444,-7.719999999999999,-0.0033066289825620723,-0.0938035445306249
341,2019-05-01,AUD/JPY,78.64,78.5,0.14000000000000057,0.1783439490445867,-7.579999999999998,0.0017818510505484082,-0.09202169348007648
342,2019-05-02,AUD/JPY,78.32,78.64,-0.3200000000000074,-0.40691759918617415,-7.900000000000006,-0.004077477616656262,-0.09609917109673274
343,2019-05-03,AUD/JPY,78.02,78.32,-0.29999999999999716,-0.3830439223697615,-8.200000000000003,-0.003837794143744475,-0.09993696524047722
344,2019-05-06,AUD/JPY,77.42,78.02,-0.5999999999999943,-0.7690335811330355,-8.799999999999997,-0.007720058929008362,-0.10765702416948558
345,2019-05-07,AUD/JPY,77.82,77.42,0.3999999999999915,0.5166623611469795,-8.400000000000006,0.005153322406905365,-0.10250370176258022
346,2019-05-08,AUD/JPY,77.29,77.82,-0.5299999999999869,-0.6810588537650821,-8.929999999999993,-0.006833886437627716,-0.10933758820020795
347,2019-05-09,AUD/JPY,76.69,77.29,-0.6000000000000085,-0.7762970630094559,-9.530000000000001,-0.00779325934201187,-0.11713084754221982
348,2019-05-10,AUD/JPY,76.76,76.69,0.07000000000000739,0.0912765680010528,-9.459999999999994,0.0009123493627313836,-0.11621849817948844
349,2019-05-13,AUD/JPY,76.55,76.76,-0.21000000000000796,-0.2735799895779155,-9.670000000000002,-0.0027395490358064502,-0.11895804721529489
350,2019-05-14,AUD/JPY,76.26,76.55,-0.28999999999999204,-0.3788373612018185,-9.959999999999994,-0.003795567674275015,-0.1227536148895699
351,2019-05-15,AUD/JPY,76.04,76.26,-0.21999999999999886,-0.28848675583529876,-10.179999999999993,-0.0028890368091892,-0.1256426516987591
352,2019-05-16,AUD/JPY,75.69,76.04,-0.3500000000000085,-0.4602840610205267,-10.530000000000001,-0.004613466299152405,-0.1302561179979115
353,2019-05-17,AUD/JPY,75.44,75.69,-0.25,-0.33029462280354077,-10.780000000000001,-0.0033084129958740036,-0.1335645309937855
354,2019-05-20,AUD/JPY,76.22,75.44,0.7800000000000011,1.0339342523860036,-10.0,0.01028625712051212,-0.12327827387327339
355,2019-05-21,AUD/JPY,75.77,76.22,-0.45000000000000284,-0.5903962214641864,-10.450000000000003,-0.00592145950243216,-0.12919973337570556
356,2019-05-22,AUD/JPY,75.93,75.77,0.1600000000000108,0.21116536887951803,-10.289999999999992,0.002109427281860612,-0.12709030609384495
357,2019-05-23,AUD/JPY,75.84,75.93,-0.09000000000000341,-0.11853022520743237,-10.379999999999995,-0.0011860052783760936,-0.12827631137222104
358,2019-05-24,AUD/JPY,75.5,75.84,-0.3400000000000034,-0.44831223628692435,-10.719999999999999,-0.004493201691787444,-0.13276951306400847
359,2019-05-27,AUD/JPY,75.95,75.5,0.45000000000000284,0.596026490066229,-10.269999999999996,0.005942572786802851,-0.12682694027720562
360,2019-05-28,AUD/JPY,75.9,75.95,-0.04999999999999716,-0.0658327847267902,-10.319999999999993,-0.0006585446401976176,-0.12748548491740325
361,2019-05-29,AUD/JPY,75.71,75.9,-0.19000000000001194,-0.2503293807641791,-10.510000000000005,-0.002506432286369153,-0.1299919172037724
362,2019-05-30,AUD/JPY,76.01,75.71,0.30000000000001137,0.3962488442742193,-10.209999999999994,0.003954658462734043,-0.12603725874103835
363,2019-05-31,AUD/JPY,75.34,76.01,-0.6700000000000017,-0.8814629653992918,-10.879999999999995,-0.0088537083140541,-0.13489096705509246
364,2019-06-03,AUD/JPY,75.18,75.34,-0.1599999999999966,-0.21237058667374115,-11.039999999999992,-0.002125964127862999,-0.13701693118295546
365,2019-06-04,AUD/JPY,75.34,75.18,0.1599999999999966,0.21282255919126974,-10.879999999999995,0.002125964127862947,-0.13489096705509251
366,2019-06-05,AUD/JPY,75.65,75.34,0.3100000000000023,0.41146801168038527,-10.569999999999993,0.004106237970470029,-0.1307847290846225
367,2019-06-06,AUD/JPY,75.43,75.65,-0.21999999999999886,-0.29081295439523974,-10.789999999999992,-0.002912366368825372,-0.13369709545344785
368,2019-06-07,AUD/JPY,75.58,75.43,0.14999999999999147,0.19885987007820688,-10.64,0.0019866240558033843,-0.13171047139764447
369,2019-06-11,AUD/JPY,75.52,75.58,-0.060000000000002274,-0.0793860809738056,-10.700000000000003,-0.0007941760840977239,-0.1325046474817422
370,2019-06-12,AUD/JPY,75.32,75.52,-0.20000000000000284,-0.26483050847458,-10.900000000000006,-0.002651818048293607,-0.13515646553003582
371,2019-06-13,AUD/JPY,74.9,75.32,-0.4199999999999875,-0.5576208178438495,-11.319999999999993,-0.005591813265777719,-0.14074827879581353
372,2019-06-14,AUD/JPY,74.73,74.9,-0.1700000000000017,-0.2269692923898554,-11.489999999999995,-0.002272272580975077,-0.1430205513767886
373,2019-06-17,AUD/JPY,74.7,74.73,-0.030000000000001137,-0.040144520272984256,-11.519999999999996,-0.0004015258034271834,-0.14342207718021577
374,2019-06-18,AUD/JPY,74.06,74.7,-0.6400000000000006,-0.8567603748326648,-12.159999999999997,-0.008604516653305012,-0.15202659383352077
375,2019-06-19,AUD/JPY,74.52,74.06,0.45999999999999375,0.6211180124223518,-11.700000000000003,0.00619197024792098,-0.1458346235855998
376,2019-06-20,AUD/JPY,74.21,74.52,-0.3100000000000023,-0.4159957058507814,-12.010000000000005,-0.004168633751345543,-0.15000325733694533
377,2019-06-21,AUD/JPY,74.33,74.21,0.12000000000000455,0.1617032744913146,-11.89,0.0016157267551600548,-0.14838753058178528
378,2019-06-24,AUD/JPY,74.74,74.33,0.4099999999999966,0.5515942418942508,-11.480000000000004,0.0055007853201357645,-0.14288674526164952
379,2019-06-25,AUD/JPY,74.48,74.74,-0.2599999999999909,-0.34787262510033573,-11.739999999999995,-0.003484791088526044,-0.14637153635017555
380,2019-06-26,AUD/JPY,74.89,74.48,0.4099999999999966,0.5504833512352264,-11.329999999999998,0.0054897372924639825,-0.14088179905771156
381,2019-06-27,AUD/JPY,75.56,74.89,0.6700000000000017,0.8946454800373904,-10.659999999999997,0.00890667237203313,-0.13197512668567843
382,2019-06-28,AUD/JPY,75.54,75.56,-0.01999999999999602,-0.02646903123345159,-10.679999999999993,-0.0002647253489979942,-0.13223985203467642
383,2019-07-01,AUD/JPY,75.77,75.54,0.22999999999998977,0.3044744506221734,-10.450000000000003,0.0030401186589711776,-0.12919973337570523
384,2019-07-02,AUD/JPY,75.62,75.77,-0.14999999999999147,-0.19796753332452355,-10.599999999999994,-0.00198163748049515,-0.13118137085620038
385,2019-07-03,AUD/JPY,75.37,75.62,-0.25,-0.3306003702724147,-10.849999999999994,-0.003311480607408286,-0.13449285146360868
386,2019-07-04,AUD/JPY,75.86,75.37,0.4899999999999949,0.6501260448454225,-10.36,0.006480218405374292,-0.12801263305823438
387,2019-07-05,AUD/JPY,75.73,75.86,-0.12999999999999545,-0.1713683100448134,-10.489999999999995,-0.0017151531350215455,-0.12972778619325592
388,2019-07-08,AUD/JPY,75.7,75.73,-0.030000000000001137,-0.039614419648753646,-10.519999999999996,-0.00039622268232828784,-0.1301240088755842
389,2019-07-09,AUD/JPY,75.68,75.7,-0.01999999999999602,-0.026420079260232522,-10.539999999999992,-0.00026423569978024214,-0.13038824457536444
390,2019-07-10,AUD/JPY,75.37,75.68,-0.3100000000000023,-0.4096194503171277,-10.849999999999994,-0.004104606888244292,-0.13449285146360873
391,2019-07-11,AUD/JPY,75.3,75.37,-0.07000000000000739,-0.09287514926364254,-10.920000000000002,-0.0009291830495306828,-0.13542203451313942
392,2019-07-12,AUD/JPY,75.84,75.3,0.5400000000000063,0.717131474103594,-10.379999999999995,0.0071457231409185525,-0.12827631137222087
393,2019-07-15,AUD/JPY,75.97,75.84,0.12999999999999545,0.17141350210969863,-10.25,0.0017126675683637787,-0.1265636438038571
394,2019-07-16,AUD/JPY,76.01,75.97,0.04000000000000625,0.052652362774787756,-10.209999999999994,0.0005263850628189054,-0.1260372587410382
395,2019-07-17,AUD/JPY,75.87,76.01,-0.14000000000000057,-0.18418629127746422,-10.349999999999994,-0.0018435612279656276,-0.12788081996900383
396,2019-07-18,AUD/JPY,75.75,75.87,-0.12000000000000455,-0.15816528272044886,-10.469999999999999,-0.0015829049605049798,-0.1294637249295088
397,2019-07-19,AUD/JPY,76.05,75.75,0.29999999999999716,0.39603960396039234,-10.170000000000002,0.003952574315823342,-0.12551115061368545
398,2019-07-22,AUD/JPY,76.0,76.05,-0.04999999999999716,-0.0657462195923697,-10.219999999999999,-0.0006576784189707119,-0.12616882903265617
399,2019-07-23,AUD/JPY,75.94,76.0,-0.060000000000002274,-0.07894736842105562,-10.280000000000001,-0.0007897854826748483,-0.12695861451533103
400,2019-07-24,AUD/JPY,75.52,75.94,-0.4200000000000017,-0.5530682117461176,-10.700000000000003,-0.005546032966411081,-0.1325046474817421
401,2019-07-25,AUD/JPY,75.34,75.52,-0.1799999999999926,-0.23834745762710885,-10.879999999999995,-0.0023863195733501348,-0.13489096705509224
402,2019-07-26,AUD/JPY,75.45,75.34,0.10999999999999943,0.1460047783381994,-10.769999999999996,0.0014589829499628275,-0.1334319841051294
403,2019-07-29,AUD/JPY,75.03,75.45,-0.4200000000000017,-0.5566600397614336,-11.189999999999998,-0.0055821516562205775,-0.13901413576135
404,2019-07-30,AUD/JPY,74.89,75.03,-0.14000000000000057,-0.18659202985472553,-11.329999999999998,-0.001867663296361673,-0.14088179905771167
405,2019-07-31,AUD/JPY,74.84,74.89,-0.04999999999999716,-0.06676458806248786,-11.379999999999995,-0.0006678688553867809,-0.14154966791309845
406,2019-08-01,AUD/JPY,74.81,74.84,-0.030000000000001137,-0.04008551576697105,-11.409999999999997,-0.00040093552157536736,-0.1419506034346738
407,2019-08-02,AUD/JPY,72.97,74.81,-1.8400000000000034,-2.4595642293811033,-13.25,-0.024903168106784883,-0.1668537715414587
408,2019-08-06,AUD/JPY,72.36,72.97,-0.6099999999999994,-0.8359599835548848,-13.86,-0.008394737250434402,-0.1752485087918931
409,2019-08-07,AUD/JPY,71.32,72.36,-1.0400000000000063,-1.437258153676073,-14.900000000000006,-0.014476867532154773,-0.18972537632404787
